title,url,area,in_practice_engine
Angeline The Baker in A – Beginner,https://fiddlehed.com/courses/beginner-fiddle-lessons/1-2-getting-plucky/angeline-the-baker-beginner-fiddle-lesson/,Beginner course (Modules 1-10),yes
Angeline The Baker in D – Basic,https://fiddlehed.com/courses/beginner-fiddle-lessons/1-7-the-power-of-the-low-second-finger/2165-2/,Beginner course (Modules 1-10),no
Angeline the Baker in D – Variation,https://fiddlehed.com/courses/old-time-appalachian-fiddle-lessons/angeline-the-baker-variation/,Old-Time / Appalachian course,no
Arkansas Traveller,https://fiddlehed.com/courses/beginner-fiddle-lessons/1-10-melodic-variation/arkansas-traveller/,Beginner course (Modules 1-10),yes
Arkansas Traveller Duet,https://fiddlehed.com/courses/beginner-fiddle-lessons/1-4-more-scales-more-tunes-more-fun-more-or-less/arkansas-traveller-easy-fiddle/,Beginner course (Modules 1-10),no
Ashokan Farewell,https://fiddlehed.com/courses/intermediate-fiddle-lessons/2-8-raised-third-finger/ashokan-farewell/,Intermediate course (Modules 11-19),yes
Auld Lang Syne,https://fiddlehed.com/courses/beginner-fiddle-lessons/1-6-living-in-the-ear-now/auld-lang-syne/,Beginner course (Modules 1-10),yes
Ballydesmond Polka – lower octave,https://fiddlehed.com/courses/beginner-fiddle-lessons/1-4-more-scales-more-tunes-more-fun-more-or-less/ballydesmond-polka-lower-octave/,Beginner course (Modules 1-10),yes
Ballydesmond Polka – upper octave,https://fiddlehed.com/courses/intermediate-fiddle-lessons/fourth-finger/ballydesmond-polka-upper-octave/,Intermediate course (Modules 11-19),yes
Banshee – Basic,https://fiddlehed.com/courses/irish-fiddle-lessons/banshee/,Irish course,yes
Banshee – Variation,https://fiddlehed.com/courses/irish-fiddle-lessons/banshee-variation/,Irish course,no
Berdichiever Khosid,https://fiddlehed.com/courses/intermediate-fiddle-lessons/2-6-low-fourth-finger-i-iv-v/berdichiever-khosid/,Intermediate course (Modules 11-19),no
Bile 'em Cabbage Down – Basic,https://fiddlehed.com/courses/beginner-fiddle-lessons/start-fiddling-now-course-page/bile-em-cabbage-down/,Beginner course (Modules 1-10),yes
Bile 'em Cabbage Down – Variation 1,https://fiddlehed.com/courses/beginner-fiddle-lessons/1-6-living-in-the-ear-now/bile-em-cabbage-down-variation-1/,Beginner course (Modules 1-10),yes
Bill Cheatham,https://fiddlehed.com/courses/intermediate-fiddle-lessons/look-both-ways-before-you-cross/bill-cheatham/,Intermediate course (Modules 11-19),yes
Bird in the Bush – Basic,https://fiddlehed.com/courses/irish-fiddle-lessons/bird-in-the-bush/,Irish course,no
Blackberry Blossom,https://fiddlehed.com/courses/intermediate-fiddle-lessons/2-5-soldiering-on/blackberry-blossom/,Intermediate course (Modules 11-19),yes
Blackest Crow – Basic,https://fiddlehed.com/courses/beginner-fiddle-lessons/1-5-how-to-love-your-sound/blackest-crow-basic/,Beginner course (Modules 1-10),yes
Blackest Crow – Chord Backup On Fiddle (G Major),https://fiddlehed.com/practice-tools/how-to-play-back-up/blackest-crow-chord-backup-on-fiddle/,Chord backup / practice tools,no
Blackest Crow – Variation,https://fiddlehed.com/courses/old-time-appalachian-fiddle-lessons/blackest-crow-variation/,Old-Time / Appalachian course,no
Bonaparte Crossing The Rocky Mountains,https://fiddlehed.com/courses/beginner-fiddle-lessons/1-10-melodic-variation/bonaparte-crossing-the-rookie-mountains/,Beginner course (Modules 1-10),no
Boys of Bluehill – Basic,https://fiddlehed.com/courses/irish-fiddle-lessons/boys-of-bluehill/,Irish course,no
Boys of Bluehill – Variation,https://fiddlehed.com/boys-of-bluehill-variation/,Standalone page,no
Breaking Up Christmas,https://wp.me/P8OLq8-83G,wp.me shortlink (resolve),no
Breton Gavotte,https://fiddlehed.com/courses/irish-fiddle-lessons/breton-gavotte/,Irish course,no
Britches Full Of Stitches,https://fiddlehed.com/courses/beginner-fiddle-lessons/1-5-how-to-love-your-sound/britches-full-of-stitches/,Beginner course (Modules 1-10),yes
Buffalo Gals,https://fiddlehed.com/courses/beginner-fiddle-lessons/1-3-the-d-major-scale/buffalo-gals/,Beginner course (Modules 1-10),no
Bury Me Beneath The Weeping Willow Tree,https://fiddlehed.com/courses/beginner-fiddle-lessons/1-8-the-high-and-low-second-finger/bury-me-beneath-the-weeping-willow-tree/,Beginner course (Modules 1-10),no
Cajun Fiddle,https://fiddlehed.com/cajun-fiddle/,Standalone page,no
Camptown Races,https://fiddlehed.com/courses/beginner-fiddle-lessons/1-3-the-d-major-scale/camptown-races/,Beginner course (Modules 1-10),no
Candy Girl – Sawmill Tuning,https://fiddlehed.com/courses/old-time-appalachian-fiddle-lessons/candy-girl/,Old-Time / Appalachian course,no
Cantina Band Theme,https://fiddlehed.com/courses/intermediate-fiddle-lessons/2-9-chromatic-scale/cantina-band-theme/,Intermediate course (Modules 11-19),no
Carol Of The Bells,https://fiddlehed.com/holiday-songs/carol-of-the-bells/,Holiday songs,no
Carry Me Back To Virginia,https://fiddlehed.com/courses/beginner-fiddle-lessons/1-4-more-scales-more-tunes-more-fun-more-or-less/carry-me-back-to-old-virginia/,Beginner course (Modules 1-10),no
Chief O'Neill's Favorite – Basic,https://fiddlehed.com/courses/irish-fiddle-lessons/chief-oneills-favorite/,Irish course,no
Chief O'Neill's Favorite – Variation,https://fiddlehed.com/courses/irish-fiddle-lessons/chief-oneills-favorite-variation/,Irish course,no
Christmas Time Is Here,https://fiddlehed.com/holiday-songs/christmas-time-is-here/,Holiday songs,no
Cine Citta,https://fiddlehed.com/community/group-lesson-home-page/cine-citta-learn-a-new-song-workshop/,Community / workshop lessons,no
Clare Reel – Basic,https://fiddlehed.com/courses/irish-fiddle-lessons/clare-reel-basic/,Irish course,no
Clare Reel – Variation,https://fiddlehed.com/courses/irish-fiddle-lessons/clare-reel-variation/,Irish course,no
Club Ceili,https://fiddlehed.com/courses/irish-fiddle-lessons/club-ceili/,Irish course,no
Cluck Old Hen,https://fiddlehed.com/courses/beginner-fiddle-lessons/1-7-the-power-of-the-low-second-finger/cluck-old-hen/,Beginner course (Modules 1-10),yes
Coleraine,https://fiddlehed.com/courses/intermediate-fiddle-lessons/2-9-chromatic-scale/coleraine/,Intermediate course (Modules 11-19),yes
Constant Billy,https://fiddlehed.com/holiday-songs/constant-billy-basic-lesson/,Holiday songs,no
Cooley's Reel – Basic,https://fiddlehed.com/courses/irish-fiddle-lessons/cooleys-reel-basic-2/,Irish course,no
Cotton Eyed Joe,https://fiddlehed.com/courses/intermediate-fiddle-lessons/2-8-raised-third-finger/cotton-eyed-joe/,Intermediate course (Modules 11-19),yes
Crazy Creek,https://fiddlehed.com/courses/intermediate-fiddle-lessons/2-9-chromatic-scale/crazy-creek/,Intermediate course (Modules 11-19),no
Cripple Creek – Basic,https://fiddlehed.com/courses/beginner-fiddle-lessons/1-5-how-to-love-your-sound/cripple-creek/,Beginner course (Modules 1-10),yes
Cripple Creek – Variation,https://wp.me/P8OLq8-7kF,wp.me shortlink (resolve),no
Cumberland Gap,https://fiddlehed.com/courses/intermediate-fiddle-lessons/fourth-finger/cumberland-gap/,Intermediate course (Modules 11-19),no
Dance Of The Sugar Plum Fairy,https://fiddlehed.com/dance-of-the-sugar-plum-fairy/,Standalone page,no
Danny Boy,https://fiddlehed.com/courses/intermediate-fiddle-lessons/2-3-double-down/danny-boy/,Intermediate course (Modules 11-19),yes
Dargason,https://fiddlehed.com/holiday-songs/dargason-basic-lesson/,Holiday songs,no
Dawning Of The Day,https://fiddlehed.com/community/group-lesson-home-page/learning-tunes-by-ear-workshop-dawning-of-the-day/,Community / workshop lessons,no
Dennis Murphy's Polka – Basic,https://fiddlehed.com/courses/irish-fiddle-lessons/dennis-murphys-polka/,Irish course,no
Der Badken Freylakh,https://fiddlehed.com/courses/intermediate-fiddle-lessons/2-9-chromatic-scale/der-badken-freylakh-lower-octave/,Intermediate course (Modules 11-19),no
Devil Went Down To Georgia,https://fiddlehed.com/courses/old-time-appalachian-fiddle-lessons/the-devil-went-down-to-georgia/,Old-Time / Appalachian course,no
Devil's Dream,https://fiddlehed.com/courses/intermediate-fiddle-lessons/2-5-soldiering-on/devils-dream/,Intermediate course (Modules 11-19),no
Done Gone,https://fiddlehed.com/courses/intermediate-fiddle-lessons/2-6-low-fourth-finger-i-iv-v/done-gone/,Intermediate course (Modules 11-19),yes
Double File – Basic,https://fiddlehed.com/appalachian-fiddle-old/double-file-basic-lesson/,Old-Time / Appalachian course,no
Double File – Variation,https://fiddlehed.com/appalachian-fiddle-old/double-file-variation/,Old-Time / Appalachian course,no
Down By The Sally Gardens,https://fiddlehed.com/community/group-lesson-home-page/practice-journey-mystery-tune-2/,Community / workshop lessons,no
Down in The Valley,https://fiddlehed.com/courses/beginner-fiddle-lessons/1-8-the-high-and-low-second-finger/down-in-the-valley/,Beginner course (Modules 1-10),no
Drops of Brandy,https://fiddlehed.com/courses/irish-fiddle-lessons/drops-of-brandy/,Irish course,no
Drowsy Maggie,https://fiddlehed.com/courses/intermediate-fiddle-lessons/2-5-soldiering-on/drowsy-maggie/,Intermediate course (Modules 11-19),no
Drunken Sailor,https://fiddlehed.com/courses/beginner-fiddle-lessons/1-7-the-power-of-the-low-second-finger/drunken-sailor/,Beginner course (Modules 1-10),yes
Dueling Banjos,https://fiddlehed.com/lessons-taught-by-student-teachers/fortnite-dances-hootenanny-dueling-banjos/,Student-teacher lessons,no
Elzic's Farewell,https://fiddlehed.com/courses/intermediate-fiddle-lessons/2-3-double-down/elzics-farewell/,Intermediate course (Modules 11-19),no
Fairy Dance,https://fiddlehed.com/courses/intermediate-fiddle-lessons/fourth-finger/fairy-dance/,Intermediate course (Modules 11-19),no
Fairy Tale of New York – Opening and Closing melody,https://fiddlehed.com/holiday-songs/fairy-tale-of-new-york-opening-and-closing-melody/,Holiday songs,no
Fais Do Do – Basic,https://fiddlehed.com/courses/beginner-fiddle-lessons/1-2-getting-plucky/fais-do-do-beginner/,Beginner course (Modules 1-10),yes
Farewell To Whiskey,https://fiddlehed.com/courses/beginner-fiddle-lessons/1-10-melodic-variation/farewell-to-whiskey/,Beginner course (Modules 1-10),no
Feliz Navidad,https://fiddlehed.com/holiday-songs/feliz-navidad/,Holiday songs,no
Fire On The Mountain,https://fiddlehed.com/courses/beginner-fiddle-lessons/1-6-living-in-the-ear-now/fire-on-the-mountain/,Beginner course (Modules 1-10),yes
Fisher's Hornpipe,https://fiddlehed.com/courses/beginner-fiddle-lessons/1-9-trying-triads/fishers-hornpipe/,Beginner course (Modules 1-10),yes
Fisherman's Blues – Solo,https://fiddlehed.com/courses/irish-fiddle-lessons/fishermans-blues-solo/,Irish course,no
Flop-eared Mule – Basic,https://fiddlehed.com/courses/intermediate-fiddle-lessons/2-3-double-down/flop-eared-mule-basic/,Intermediate course (Modules 11-19),yes
Flop-eared Mule – Variation,https://fiddlehed.com/courses/old-time-appalachian-fiddle-lessons/flop-eared-mule-variation/,Old-Time / Appalachian course,no
Florida Blues – Basic,https://fiddlehed.com/courses/intermediate-fiddle-lessons/2-3-double-down/florida-blues-basic/,Intermediate course (Modules 11-19),no
Foggy Dew,https://fiddlehed.com/courses/intermediate-fiddle-lessons/gotta-love-the-low-first/foggy-dew/,Intermediate course (Modules 11-19),yes
Foggy Mountain Breakdown,https://fiddlehed.com/courses/old-time-appalachian-fiddle-lessons/foggy-mountain-breakdown/,Old-Time / Appalachian course,no
Foxhunter's – Basic,https://fiddlehed.com/courses/irish-fiddle-lessons/foxhunters-slip-jig-basic-lesson/,Irish course,no
Foxhunter's – Variation,https://fiddlehed.com/courses/irish-fiddle-lessons/foxhunters-slip-jig-variations/,Irish course,no
Freight Train,https://fiddlehed.com/courses/beginner-fiddle-lessons/1-8-the-high-and-low-second-finger/freight-train/,Beginner course (Modules 1-10),no
Freres Jacques,https://fiddlehed.com/courses/beginner-fiddle-lessons/1-2-getting-plucky/freres-jacques/,Beginner course (Modules 1-10),yes
Frosty Morning – Basic,https://fiddlehed.com/courses/old-time-appalachian-fiddle-lessons/frosty-morning-variation/,Old-Time / Appalachian course,no
Frosty Morning – Variation,https://wp.me/P8OLq8-6Wa,wp.me shortlink (resolve),no
Galway Bay Hornpipe,https://fiddlehed.com/courses/irish-fiddle-lessons/galway-bay-hornpipe/,Irish course,no
Galway Girl,https://fiddlehed.com/courses/irish-fiddle-lessons/galway-girl/,Irish course,no
Game Of Thrones,https://fiddlehed.com/courses/intermediate-fiddle-lessons/game-of-thrones/,Intermediate course (Modules 11-19),no
Garry Owen,https://fiddlehed.com/community/group-lesson-home-page/practice-journey-mystery-tune-3-2/,Community / workshop lessons,no
Girl I Left Behind Me,https://fiddlehed.com/courses/beginner-fiddle-lessons/1-8-the-high-and-low-second-finger/girl-i-left-behind-me/,Beginner course (Modules 1-10),yes
Girl I Left Behind Me Duet,https://fiddlehed.com/duets/girl-left-behind-me-easy-fiddle-bass-line/,Duets,no
Girl Who Broke My Heart – Basic,https://fiddlehed.com/courses/irish-fiddle-lessons/the-girl-who-broke-my-heart/,Irish course,no
Give The Fiddler A Dram,https://fiddlehed.com/courses/intermediate-fiddle-lessons/gotta-love-the-low-first/give-the-fiddler-a-dram/,Intermediate course (Modules 11-19),yes
Godfather Love Theme,https://fiddlehed.com/community/group-lesson-home-page/mystery-tune-workshop-6/,Community / workshop lessons,no
Golden Slippers,https://fiddlehed.com/courses/beginner-fiddle-lessons/1-8-the-high-and-low-second-finger/golden-slippers/,Beginner course (Modules 1-10),no
Greensleeves,https://fiddlehed.com/courses/intermediate-fiddle-lessons/2-9-chromatic-scale/greensleeves/,Intermediate course (Modules 11-19),no
Groundhog – Basic,https://fiddlehed.com/courses/old-time-appalachian-fiddle-lessons/groundhog-basic/,Old-Time / Appalachian course,no
Groundhog – Intermediate,https://fiddlehed.com/courses/old-time-appalachian-fiddle-lessons/groundhog-intermediate/,Old-Time / Appalachian course,no
Harvest Home,https://fiddlehed.com/courses/intermediate-fiddle-lessons/look-both-ways-before-you-cross/harvest-home/,Intermediate course (Modules 11-19),yes
Haste To The Wedding,https://fiddlehed.com/courses/intermediate-fiddle-lessons/fourth-finger/haste-to-the-wedding/,Intermediate course (Modules 11-19),no
Hava Negilah,https://fiddlehed.com/courses/intermediate-fiddle-lessons/2-7-adding-double-stops-to-tunes/hava-negilah/,Intermediate course (Modules 11-19),yes
Hector The Hero,https://fiddlehed.com/courses/beginner-fiddle-lessons/1-5-how-to-love-your-sound/hector-the-hero/,Beginner course (Modules 1-10),no
Hector The Hero – Variation,https://fiddlehed.com/courses/irish-fiddle-lessons/hector-the-hero-adding-variation/,Irish course,no
Hesitation Blues,https://fiddlehed.com/community/group-lesson-home-page/hesitation-blues-workshop/,Community / workshop lessons,no
Hobart's Transformation,https://fiddlehed.com/courses/intermediate-fiddle-lessons/fourth-finger/hobarts-transformation/,Intermediate course (Modules 11-19),yes
House Of The Rising Sun,https://fiddlehed.com/courses/intermediate-fiddle-lessons/2-6-low-fourth-finger-i-iv-v/house-of-the-rising-sun/,Intermediate course (Modules 11-19),yes
I Saw The Light,https://fiddlehed.com/courses/beginner-fiddle-lessons/1-4-more-scales-more-tunes-more-fun-more-or-less/i-saw-the-light/,Beginner course (Modules 1-10),no
I'll Fly Away,https://fiddlehed.com/courses/beginner-fiddle-lessons/1-7-the-power-of-the-low-second-finger/ill-fly-away/,Beginner course (Modules 1-10),yes
I'll Fly Away – Variation,https://fiddlehed.com/courses/art-of-fiddling/ill-fly-away-variation/,Art of Fiddling,no
I'm So Lonesome I Could Cry – Solo,https://fiddlehed.com/courses/art-of-fiddling/im-so-lonesome-i-could-cry-solo/,Art of Fiddling,no
Ida Red – Basic,https://fiddlehed.com/courses/old-time-appalachian-fiddle-lessons/ida-red-basic/,Old-Time / Appalachian course,no
Ida Red – Variation,https://fiddlehed.com/courses/old-time-appalachian-fiddle-lessons/ida-red-variation/,Old-Time / Appalachian course,no
Ida Red: Old-time Reel to Irish Jig!,https://fiddlehed.com/courses/irish-fiddle-lessons/ida-red-old-time-reel-to-irish-jig/,Irish course,no
If I Were A Rich Man,https://fiddlehed.com/courses/intermediate-fiddle-lessons/2-6-low-fourth-finger-i-iv-v/if-i-were-a-rich-man/,Intermediate course (Modules 11-19),no
Irish Washerwoman,https://fiddlehed.com/courses/intermediate-fiddle-lessons/2-5-soldiering-on/irish-washerwoman/,Intermediate course (Modules 11-19),yes
It Came Upon A Midnight Clear,https://fiddlehed.com/community/group-lesson-home-page/it-came-upon-a-midnight-clear-workshop/,Community / workshop lessons,no
J'etais Au Bal,https://fiddlehed.com/courses/intermediate-fiddle-lessons/2-8-raised-third-finger/jetais-au-bal/,Intermediate course (Modules 11-19),no
Jarabe Tapatio (Mexican Hat Dance),https://wp.me/P8OLq8-aJo,wp.me shortlink (resolve),no
Jenny Lynn – Basic,https://fiddlehed.com/courses/old-time-appalachian-fiddle-lessons/jenny-lynn/,Old-Time / Appalachian course,no
Jenny Lynn – Variation,https://fiddlehed.com/courses/old-time-appalachian-fiddle-lessons/jenny-lynn-variation/,Old-Time / Appalachian course,no
Jerusalem Ridge Part 1,https://fiddlehed.com/courses/intermediate-fiddle-lessons/2-5-soldiering-on/jeruselem-ridge-part-1/,Intermediate course (Modules 11-19),no
Jerusalem Ridge Part 2,https://fiddlehed.com/courses/intermediate-fiddle-lessons/2-5-soldiering-on/jerusalem-ridge-part-2/,Intermediate course (Modules 11-19),no
John Ryan's Polka,https://fiddlehed.com/courses/beginner-fiddle-lessons/1-9-trying-triads/john-ryans-polka/,Beginner course (Modules 1-10),no
Joy To The World,https://fiddlehed.com/courses/beginner-fiddle-lessons/1-6-living-in-the-ear-now/joy-to-the-world/,Beginner course (Modules 1-10),yes
Keep On The Sunny Side,https://fiddlehed.com/courses/beginner-fiddle-lessons/1-8-the-high-and-low-second-finger/keep-on-the-sunny-side/,Beginner course (Modules 1-10),no
Kentucky Waltz,https://fiddlehed.com/courses/intermediate-fiddle-lessons/2-8-raised-third-finger/kentucky-waltz/,Intermediate course (Modules 11-19),no
Kerfunken Jig – Basic,https://fiddlehed.com/courses/beginner-fiddle-lessons/1-4-more-scales-more-tunes-more-fun-more-or-less/kerfunken-jig/,Beginner course (Modules 1-10),yes
Kerfunken Jig – Cuts Variation,https://fiddlehed.com/courses/irish-fiddle-lessons/kerfunken-cuts-variation/,Irish course,no
Kerfunken Jig – Rolls Variation,https://fiddlehed.com/courses/irish-fiddle-lessons/kerfunken-rolls-variation/,Irish course,no
Kerry Polka – Basic,https://fiddlehed.com/courses/beginner-fiddle-lessons/1-4-more-scales-more-tunes-more-fun-more-or-less/kerry-polka/,Beginner course (Modules 1-10),yes
Kerry Polka – Sawmill Tuning,https://fiddlehed.com/courses/old-time-appalachian-fiddle-lessons/kerry-polka-sawmill-tuning/,Old-Time / Appalachian course,no
Kerry Polka – Variation,https://fiddlehed.com/courses/irish-fiddle-lessons/kerry-polka-variation/,Irish course,no
Kesh Jig – Adding Double Stops,https://fiddlehed.com/courses/intermediate-fiddle-lessons/2-7-adding-double-stops-to-tunes/kesh-jig-adding-double-stops/,Intermediate course (Modules 11-19),yes
Kesh Jig – Basic,https://fiddlehed.com/courses/intermediate-fiddle-lessons/look-both-ways-before-you-cross/kesh-jig/,Intermediate course (Modules 11-19),yes
Kesh Jig – Variation,https://fiddlehed.com/courses/irish-fiddle-lessons/kesh-jig-variation/,Irish course,no
Khosid Dance,https://fiddlehed.com/courses/intermediate-fiddle-lessons/gotta-love-the-low-first/khosid-dance/,Intermediate course (Modules 11-19),no
Khosid Wedding Dance,https://fiddlehed.com/courses/intermediate-fiddle-lessons/gotta-love-the-low-first/khosid-wedding-dance/,Intermediate course (Modules 11-19),no
Kittypuss – Basic,https://fiddlehed.com/courses/beginner-fiddle-lessons/1-7-the-power-of-the-low-second-finger/kittypuss-basic-lesson/,Beginner course (Modules 1-10),no
La Danse De Mardi Gras,https://fiddlehed.com/courses/intermediate-fiddle-lessons/gotta-love-the-low-first/la-danse-de-mardi-gras/,Intermediate course (Modules 11-19),no
La Valse Des Jonglements,https://fiddlehed.com/courses/intermediate-fiddle-lessons/2-7-adding-double-stops-to-tunes/la-valse-des-jonglements/,Intermediate course (Modules 11-19),no
La Vie En Rose,https://fiddlehed.com/courses/intermediate-fiddle-lessons/2-9-chromatic-scale/la-vie-en-rose/,Intermediate course (Modules 11-19),no
Lazy John,https://fiddlehed.com/courses/beginner-fiddle-lessons/1-3-the-d-major-scale/lazy-john/,Beginner course (Modules 1-10),no
"Leave Her Johnny, Leave Her",https://fiddlehed.com/community/group-lesson-home-page/practice-journey-leave-her-johnny-leave-her-2/,Community / workshop lessons,no
Lilting Banshee – Basic,https://fiddlehed.com/courses/irish-fiddle-lessons/lilting-banshee-basic/,Irish course,no
Lilting Banshee – Jig to Polka!,https://fiddlehed.com/courses/irish-fiddle-lessons/lilting-banshee-jig-to-polka/,Irish course,no
Lilting Banshee – Variation,https://fiddlehed.com/courses/irish-fiddle-lessons/lilting-banshee-variation-lesson/,Irish course,no
Little Drummer Boy,https://fiddlehed.com/holiday-songs/little-drummer-boy/,Holiday songs,no
Little Liza Jane,https://fiddlehed.com/courses/beginner-fiddle-lessons/1-3-the-d-major-scale/little-liza-jane/,Beginner course (Modules 1-10),yes
London Bridges,https://fiddlehed.com/courses/beginner-fiddle-lessons/1-3-the-d-major-scale/london-bridges/,Beginner course (Modules 1-10),no
Lonesome Fiddle Blues,https://fiddlehed.com/courses/intermediate-fiddle-lessons/2-9-chromatic-scale/lonesome-fiddle-blues/,Intermediate course (Modules 11-19),yes
Long Black Veil,https://fiddlehed.com/courses/beginner-fiddle-lessons/1-6-living-in-the-ear-now/10208-2/,Beginner course (Modules 1-10),no
Lover's Waltz,https://fiddlehed.com/courses/intermediate-fiddle-lessons/2-3-double-down/lovers-waltz/,Intermediate course (Modules 11-19),no
Magpie – Basic,https://fiddlehed.com/courses/intermediate-fiddle-lessons/look-both-ways-before-you-cross/magpie-basic/,Intermediate course (Modules 11-19),no
Magpie – Variation,https://wp.me/P8OLq8-70P,wp.me shortlink (resolve),no
Mairi's Wedding,https://fiddlehed.com/community/group-lesson-mairis-wedding/,Community / workshop lessons,no
Maison De Glace,https://fiddlehed.com/courses/beginner-fiddle-lessons/1-5-how-to-love-your-sound/maison-de-glace/,Beginner course (Modules 1-10),no
Man Of Constant Sorrow,https://fiddlehed.com/courses/beginner-fiddle-lessons/1-5-how-to-love-your-sound/man-of-constant-sorrow/,Beginner course (Modules 1-10),no
Margaret's Waltz,https://fiddlehed.com/courses/beginner-fiddle-lessons/1-6-living-in-the-ear-now/margarets-waltz/,Beginner course (Modules 1-10),no
Mary Had A Little Lamb,https://fiddlehed.com/courses/beginner-fiddle-lessons/start-fiddling-now-course-page/mary-had-a-little-lamb-1-1/,Beginner course (Modules 1-10),yes
Mary Had A Little Lamb – Hoedown Variation I,https://fiddlehed.com/courses/beginner-fiddle-lessons/1-2-getting-plucky/mary-had-a-little-lamb-hoedown-i/,Beginner course (Modules 1-10),yes
Mary Had A Little Lamb – Hoedown Variation II,https://fiddlehed.com/courses/irish-fiddle-lessons/mary-had-a-little-lamb-hoedown-variation-ii/,Irish course,no
Mary Had A Little Lamb – Melodic Variation,https://fiddlehed.com/courses/irish-fiddle-lessons/mary-had-a-little-lamb-melodic-variation/,Irish course,no
Midnight On The Water,https://fiddlehed.com/courses/beginner-fiddle-lessons/1-5-how-to-love-your-sound/midnight-on-the-water/,Beginner course (Modules 1-10),no
Minuet In G,https://fiddlehed.com/courses/note-reading-for-fiddlers/minuet-in-g/,Note Reading course,no
Miss McCleod's – Basic,https://fiddlehed.com/courses/irish-fiddle-lessons/miss-mcleods-basic-lesson/,Irish course,no
Miss McCleod's – Variation,https://fiddlehed.com/courses/irish-fiddle-lessons/miss-mccleods-variation/,Irish course,no
Miss Monaghan's Reel – Basic,https://fiddlehed.com/courses/irish-fiddle-lessons/miss-monaghans-reel-basic/,Irish course,no
Miss Monaghan's Reel – Variation,https://fiddlehed.com/courses/irish-fiddle-lessons/miss-monaghans-reel-variation/,Irish course,no
Mouth Of Tobique,https://fiddlehed.com/mouth-of-tobique/,Standalone page,no
O'Keefe's Slide,https://fiddlehed.com/courses/beginner-fiddle-lessons/1-5-how-to-love-your-sound/okeefes-slide/,Beginner course (Modules 1-10),yes
Ode to Joy,https://fiddlehed.com/courses/beginner-fiddle-lessons/1-2-getting-plucky/ode-to-joy/,Beginner course (Modules 1-10),no
Ode To Joy – Variation,https://fiddlehed.com/courses/art-of-fiddling/ode-to-joy-fiddle-variation-lesson/,Art of Fiddling,no
Off to California,https://fiddlehed.com/courses/irish-fiddle-lessons/off-to-california/,Irish course,no
Oh Christmas Tree,https://fiddlehed.com/holiday-songs/oh-christmas-tree/,Holiday songs,no
Oh Come All Ye Faithful,https://fiddlehed.com/community/group-lesson-home-page/oh-come-all-ye-faithful-call-and-response-workshop/,Community / workshop lessons,no
Oh Little Town Of Bethlehem,https://fiddlehed.com/holiday-songs/oh-little-town-of-bethlehem/,Holiday songs,no
Oh Susannah,https://fiddlehed.com/courses/beginner-fiddle-lessons/1-3-the-d-major-scale/oh-susannah/,Beginner course (Modules 1-10),yes
Oh Susannah – Sawmill Tuning,https://fiddlehed.com/courses/old-time-appalachian-fiddle-lessons/oh-susannah-sawmill-tuning/,Old-Time / Appalachian course,no
Old Joe Clarke – Basic,https://fiddlehed.com/courses/beginner-fiddle-lessons/1-8-the-high-and-low-second-finger/old-joe-clark-basic-version/,Beginner course (Modules 1-10),yes
Old Joe Clarke – Round Peak,https://fiddlehed.com/courses/old-time-appalachian-fiddle-lessons/old-joe-clarke-round-peak/,Old-Time / Appalachian course,no
Old Joe Clarke – Variation I,https://fiddlehed.com/courses/beginner-fiddle-lessons/1-10-melodic-variation/old-joe-clarke-variation-1/,Beginner course (Modules 1-10),yes
Old Town Road,https://fiddlehed.com/blog/old-town-road-fiddle-cover/,Blog / one-off,no
Out On The Ocean,https://fiddlehed.com/courses/intermediate-fiddle-lessons/2-3-double-down/out-on-the-ocean/,Intermediate course (Modules 11-19),no
Over The Waterfall,https://fiddlehed.com/courses/beginner-fiddle-lessons/1-9-trying-triads/over-the-waterfall-basic/,Beginner course (Modules 1-10),no
Paddy On The Turnpike,https://fiddlehed.com/courses/intermediate-fiddle-lessons/gotta-love-the-low-first/paddy-on-the-turnpike/,Intermediate course (Modules 11-19),no
Peacock Rag,https://fiddlehed.com/courses/intermediate-fiddle-lessons/2-9-chromatic-scale/peacock-rag/,Intermediate course (Modules 11-19),yes
Perpetual Motion,https://fiddlehed.com/courses/note-reading-for-fiddlers/note-reading-workshop-mystery-tune/,Note Reading course,no
Planxty Irwin – Basic,https://fiddlehed.com/courses/irish-fiddle-lessons/planxty-irwin/,Irish course,no
Planxty Irwin – Variation,https://fiddlehed.com/courses/irish-fiddle-lessons/planxty-irwin-adding-variation/,Irish course,no
Pretty Little Dog,https://fiddlehed.com/courses/intermediate-fiddle-lessons/2-7-adding-double-stops-to-tunes/pretty-little-dog/,Intermediate course (Modules 11-19),no
Pretty Polly,https://fiddlehed.com/courses/beginner-fiddle-lessons/1-4-more-scales-more-tunes-more-fun-more-or-less/pretty-polly/,Beginner course (Modules 1-10),no
Red Haired Boy,https://fiddlehed.com/courses/beginner-fiddle-lessons/1-10-melodic-variation/red-haired-boy/,Beginner course (Modules 1-10),no
Red River Valley,https://fiddlehed.com/courses/beginner-fiddle-lessons/1-8-the-high-and-low-second-finger/red-river-valley/,Beginner course (Modules 1-10),no
Red Wing,https://fiddlehed.com/red-wing/,Standalone page,no
Rights Of Man – Basic,https://fiddlehed.com/courses/intermediate-fiddle-lessons/2-7-adding-double-stops-to-tunes/rights-of-man/,Intermediate course (Modules 11-19),yes
Rights Of Man – Variation,https://fiddlehed.com/courses/irish-fiddle-lessons/rights-of-man-variation/,Irish course,no
Road To Lisdonverna,https://fiddlehed.com/courses/beginner-fiddle-lessons/1-8-the-high-and-low-second-finger/road-to-lisdonverna/,Beginner course (Modules 1-10),yes
Roll In My Sweet Baby's Arms,https://fiddlehed.com/community/group-lesson-home-page/mystery-tune-workshop-5/,Community / workshop lessons,no
Rolling Waves – Basic,https://fiddlehed.com/courses/irish-fiddle-lessons/rolling-waves-basic-lesson/,Irish course,no
Rolling Waves – Variation,https://fiddlehed.com/courses/irish-fiddle-lessons/rolling-waves-variations-lesson/,Irish course,no
"Row, Row, Row Your Boat",https://fiddlehed.com/courses/beginner-fiddle-lessons/1-3-the-d-major-scale/row-row-row-your-boat/,Beginner course (Modules 1-10),no
Rubber Dolly,https://fiddlehed.com/community/group-lesson-home-page/group-lesson-mystery-tune-1/,Community / workshop lessons,no
Sail Away Ladies,https://fiddlehed.com/courses/old-time-appalachian-fiddle-lessons/sail-away-ladies/,Old-Time / Appalachian course,no
Saint Anne's Reel,https://fiddlehed.com/courses/intermediate-fiddle-lessons/2-3-double-down/saint-annes-reel/,Intermediate course (Modules 11-19),yes
Sally Goodin,https://fiddlehed.com/courses/intermediate-fiddle-lessons/2-8-raised-third-finger/sally-goodin/,Intermediate course (Modules 11-19),no
Santa Claus Is Comin' to Town,https://fiddlehed.com/holiday-songs/santa-claus-is-comin-to-town/,Holiday songs,no
Scarborough Fair,https://fiddlehed.com/courses/beginner-fiddle-lessons/1-4-more-scales-more-tunes-more-fun-more-or-less/scarborough-fair/,Beginner course (Modules 1-10),no
Scotland The Brave,https://fiddlehed.com/courses/beginner-fiddle-lessons/1-6-living-in-the-ear-now/scotland-the-brave/,Beginner course (Modules 1-10),no
Shady Grove,https://fiddlehed.com/courses/beginner-fiddle-lessons/1-7-the-power-of-the-low-second-finger/shady-grove/,Beginner course (Modules 1-10),yes
Shallow – A Star Is Born,https://fiddlehed.com/courses/intermediate-fiddle-lessons/star-is-born-shallow/,Intermediate course (Modules 11-19),no
She'll Be Coming Round The Mountain,https://fiddlehed.com/courses/note-reading-for-fiddlers/mystery-tune-1/,Note Reading course,no
Sheebeg and Sheemore,https://fiddlehed.com/courses/irish-fiddle-lessons/sheebeg-and-sheemore/,Irish course,no
Shenandoah,https://fiddlehed.com/courses/beginner-fiddle-lessons/1-6-living-in-the-ear-now/shenandoah/,Beginner course (Modules 1-10),no
Shooting Creek – Beginner,https://fiddlehed.com/courses/beginner-fiddle-lessons/1-4-more-scales-more-tunes-more-fun-more-or-less/shooting-creek-beginner-version/,Beginner course (Modules 1-10),yes
Shooting Creek – Intermediate,https://fiddlehed.com/courses/intermediate-fiddle-lessons/fourth-finger/shooting-creek-intermediate/,Intermediate course (Modules 11-19),no
Shortnin' Bread,https://fiddlehed.com/courses/beginner-fiddle-lessons/1-3-the-d-major-scale/shortnin-bread/,Beginner course (Modules 1-10),no
Shove That Pig's Foot Further On The Fire,https://fiddlehed.com/courses/beginner-fiddle-lessons/1-8-the-high-and-low-second-finger/shove-that-pigs-foot-further-on-the-fire/,Beginner course (Modules 1-10),no
Sitting On Top Of The World,https://fiddlehed.com/courses/intermediate-fiddle-lessons/2-7-adding-double-stops-to-tunes/sitting-on-top-of-the-world/,Intermediate course (Modules 11-19),no
Soldier's Joy – Beginner,https://fiddlehed.com/courses/beginner-fiddle-lessons/1-8-the-high-and-low-second-finger/soldiers-joy-beginner-version/,Beginner course (Modules 1-10),yes
Soldier's Joy – Intermediate,https://fiddlehed.com/courses/intermediate-fiddle-lessons/2-5-soldiering-on/soldiers-joy-intermediate/,Intermediate course (Modules 11-19),yes
Southwind,https://fiddlehed.com/courses/intermediate-fiddle-lessons/gotta-love-the-low-first/southwind/,Intermediate course (Modules 11-19),yes
Spanish Ladies,https://fiddlehed.com/community/group-lesson-home-page/practice-journey-mystery-tune-4/,Community / workshop lessons,no
Spootiskerry,https://fiddlehed.com/courses/intermediate-fiddle-lessons/2-3-double-down/spootiskerry/,Intermediate course (Modules 11-19),no
Swallowtail Jig,https://fiddlehed.com/courses/beginner-fiddle-lessons/1-9-trying-triads/swallowtail-jig/,Beginner course (Modules 1-10),yes
Swallowtail Jig – Easy Fiddle/Bass Line,https://fiddlehed.com/duets/swallowtail-jig-easy-fiddle-bass-line/,Duets,no
Swallowtail Jig – Variation,https://fiddlehed.com/courses/irish-fiddle-lessons/swallowtail-jig-variation/,Irish course,no
Swallowtail – Harmony,https://fiddlehed.com/courses/irish-fiddle-lessons/swallowtail-jig-harmony/,Irish course,no
Take Me Out To The Ball Game,https://fiddlehed.com/courses/note-reading-for-fiddlers/magical-mystery-tune-4/,Note Reading course,no
Tam Lin – Basic,https://fiddlehed.com/courses/irish-fiddle-lessons/tam-lin-basic-lesson/,Irish course,no
Tam Lin – Variation,https://fiddlehed.com/courses/irish-fiddle-lessons/tam-lin-variation/,Irish course,no
Tennessee Waltz,https://fiddlehed.com/courses/beginner-fiddle-lessons/1-5-how-to-love-your-sound/tennessee-waltz/,Beginner course (Modules 1-10),no
Tennessee Waltz Duet,https://fiddlehed.com/courses/beginner-fiddle-lessons/1-4-more-scales-more-tunes-more-fun-more-or-less/tennessee-waltz-duet/,Beginner course (Modules 1-10),no
Tetris Theme,https://fiddlehed.com/courses/intermediate-fiddle-lessons/2-8-raised-third-finger/tetris-theme/,Intermediate course (Modules 11-19),no
The Butterfly,https://fiddlehed.com/courses/intermediate-fiddle-lessons/fourth-finger/the-butterfly/,Intermediate course (Modules 11-19),yes
The Butterfly – Variation,https://fiddlehed.com/courses/irish-fiddle-lessons/the-butterfly-variation/,Irish course,no
The Grinch Song,https://fiddlehed.com/holiday-songs/how-to-play-the-grinch-song-on-violin/,Holiday songs,no
The Snowy Path,https://fiddlehed.com/courses/irish-fiddle-lessons/the-snowy-path/,Irish course,no
This Land Is Your Land,https://fiddlehed.com/courses/note-reading-for-fiddlers/magical-mystery-tune-3/,Note Reading course,no
This Old Man,https://fiddlehed.com/courses/note-reading-for-fiddlers/magical-mystery-tune-2/,Note Reading course,no
Tobin's Jig,https://fiddlehed.com/courses/beginner-fiddle-lessons/1-9-trying-triads/tobins-jig/,Beginner course (Modules 1-10),yes
Turkey In The Straw,https://fiddlehed.com/courses/beginner-fiddle-lessons/1-8-the-high-and-low-second-finger/turkey-in-the-straw/,Beginner course (Modules 1-10),no
Twenty-Eighth of January – Basic,https://fiddlehed.com/appalachian-fiddle-old/twenty-eighth-of-january/,Old-Time / Appalachian course,no
Twenty-Eighth of January – Variation,https://fiddlehed.com/twenty-eighth-of-january-adding-variation/,Standalone page,no
"Twinkle, Twinkle Little Star – Sawmill Tuning",https://fiddlehed.com/courses/old-time-appalachian-fiddle-lessons/twinkle-twinkle-little-star-sawmill-tuning/,Old-Time / Appalachian course,no
"Twinkle, Twinkle, Little Star",https://fiddlehed.com/courses/beginner-fiddle-lessons/start-fiddling-now-course-page/twinkle-1-1/,Beginner course (Modules 1-10),yes
"Twinkle, Twinkle, Little Star – Melodic Variation",https://fiddlehed.com/courses/art-of-fiddling/twinkle-twinkle-little-star-melodic-variation/,Art of Fiddling,no
Uncle Pen,https://fiddlehed.com/courses/intermediate-fiddle-lessons/2-8-raised-third-finger/uncle-pen/,Intermediate course (Modules 11-19),no
Wabash Cannonball,https://fiddlehed.com/courses/beginner-fiddle-lessons/1-3-the-d-major-scale/wabash-cannonball/,Beginner course (Modules 1-10),no
Wagon Wheel – 1st Break,https://fiddlehed.com/courses/intermediate-fiddle-lessons/2-8-raised-third-finger/wagon-wheel-1st-break/,Intermediate course (Modules 11-19),yes
Wagon Wheel – 2nd Break,https://fiddlehed.com/courses/old-time-appalachian-fiddle-lessons/wagon-wheel-2nd-break/,Old-Time / Appalachian course,no
Wagon Wheel – 3rd Break,https://fiddlehed.com/courses/old-time-appalachian-fiddle-lessons/wagon-wheel-3rd-break/,Old-Time / Appalachian course,no
Wagoner,https://fiddlehed.com/courses/intermediate-fiddle-lessons/look-both-ways-before-you-cross/wagoner/,Intermediate course (Modules 11-19),no
Waltzing Matilda,https://fiddlehed.com/courses/intermediate-fiddle-lessons/2-8-raised-third-finger/waltzing-matilda/,Intermediate course (Modules 11-19),no
Wassail – Basic,https://fiddlehed.com/holiday-songs/wassail-basic/,Holiday songs,no
Wassail – Variation,https://fiddlehed.com/courses/irish-fiddle-lessons/wassail-variation/,Irish course,no
Wayfaring Stranger,https://fiddlehed.com/courses/beginner-fiddle-lessons/1-7-the-power-of-the-low-second-finger/wayfaring-stranger/,Beginner course (Modules 1-10),no
When The Saints Go Marching In,https://fiddlehed.com/courses/beginner-fiddle-lessons/1-2-getting-plucky/when-the-saints-go-marching-in/,Beginner course (Modules 1-10),yes
Whiskey Before Breakfast,https://fiddlehed.com/courses/beginner-fiddle-lessons/1-9-trying-triads/whiskey-before-breakfast/,Beginner course (Modules 1-10),yes
Whiskey Before Breakfast – Sawmill Tuning,https://fiddlehed.com/courses/old-time-appalachian-fiddle-lessons/whiskey-before-breakfast-sawmill-tuning/,Old-Time / Appalachian course,no
Wild Mountain Thyme,https://fiddlehed.com/courses/irish-fiddle-lessons/wild-mountain-thyme/,Irish course,no
Wild Mountain Thyme – Variation,https://fiddlehed.com/courses/irish-fiddle-lessons/wild-mountain-thyme-variation/,Irish course,no
Wildwood Flower,https://fiddlehed.com/courses/beginner-fiddle-lessons/1-3-the-d-major-scale/wildwood-flower/,Beginner course (Modules 1-10),yes
Will The Circle Be Unbroken,https://fiddlehed.com/courses/beginner-fiddle-lessons/1-3-the-d-major-scale/will-the-circle-be-unbroken/,Beginner course (Modules 1-10),no
Wind That Shakes The Barley,https://fiddlehed.com/courses/intermediate-fiddle-lessons/fourth-finger/wind-that-shakes-the-barley/,Intermediate course (Modules 11-19),no
Wise Maid – Basic,https://fiddlehed.com/courses/irish-fiddle-lessons/wise-maid-basic/,Irish course,no
Yankee Doodle,https://fiddlehed.com/courses/beginner-fiddle-lessons/1-8-the-high-and-low-second-finger/yankee-doodle/,Beginner course (Modules 1-10),no
Your Cheatin' Heart,https://fiddlehed.com/courses/beginner-fiddle-lessons/1-7-the-power-of-the-low-second-finger/your-cheating-heart/,Beginner course (Modules 1-10),no
Your Song,https://fiddlehed.com/blog/how-to-play-fiddle-on-your-song-by-elton-john/,Blog / one-off,no
